{"window_size": 8, "water_T1": [600, 607, 614, 622, 629, 637, 644, 652, 660, 668, 676, 684, 693, 701, 710, 718, 727, 736, 745, 754, 763, 772, 781, 791, 801, 810, 820, 830, 840, 850, 861, 871, 882, 892, 903, 914, 925, 936, 948, 959, 971, 982, 994, 1006, 1019, 1031, 1043, 1056, 1069, 1082, 1095, 1108, 1122, 1135, 1149, 1163, 1177, 1191, 1206, 1220, 1235, 1250, 1265, 1281, 1296, 1312, 1328, 1344, 1360, 1377, 1393, 1410, 1427, 1444, 1462, 1480, 1498, 1516, 1534, 1553, 1572, 1591, 1610, 1629, 1649, 1669, 1689, 1710, 1730, 1751, 1773, 1794, 1816, 1838, 1860, 1883, 1905, 1929, 1952, 1976, 1999], "water_T2": 40.0, "fat_T1": [300.0, 325.0, 350.0, 375.0, 400.0], "fat_T2": 80.0, "delta_freqs": [-60.0, -57.6, -55.2, -52.8, -50.4, -48.0, -45.6, -43.2, -40.8, -38.400000000000006, -36.0, -33.6, -31.200000000000003, -28.8, -26.4, -24.0, -21.6, -19.200000000000003, -16.800000000000004, -14.399999999999999, -12.0, -9.600000000000001, -7.200000000000003, -4.800000000000004, -2.4000000000000057, 0.0, 2.3999999999999986, 4.799999999999997, 7.200000000000003, 9.599999999999994, 12.0, 14.399999999999991, 16.799999999999997, 19.200000000000003, 21.599999999999994, 24.0, 26.39999999999999, 28.799999999999997, 31.200000000000003, 33.599999999999994, 36.0, 38.39999999999999, 40.8, 43.2, 45.599999999999994, 48.0, 50.39999999999999, 52.8, 55.19999999999999, 57.599999999999994, 60.0], "B1_att": [0.4, 0.45, 0.5, 0.55, 0.6000000000000001, 0.65, 0.7, 0.75, 0.8, 0.85, 0.9, 0.95, 1.0], "fat_amp": [0.0586, 0.0109, 0.0618, 0.1412, 0.66, 0.0673], "fat_cshift": [-101.1, 208.3, 281.0, 305.7, 395.6, 446.2]}