{"window_size": 8,
 "water_T1": [
 600,
 700,
 800,
 900,
 1000,
 1100,
 1200,
 1300,
 1400,
 1500,
 1600,
  1700,
 1800,
  1900,
 2000],
 "fat_T1": [300.0],
 "water_T2": 40.0,
 "fat_T2": 80.0,
 "delta_freqs": [-120.0,-90.0, -60.0, -30.0, -15.0, 0.0, 15.0, 30.0, 60.0, 90.0, 120.0],
 "B1_att": [
 0.4,
 0.6,
 0.8,
 1.0],
 "fat_amp": [0.05856486, 0.01089346, 0.06176294, 0.14191485, 0.65960424, 0.06725964],
 "fat_cshift": [-100.90608,  207.96498,  280.56814,  305.17938,  395.0104 ,
        446.69401]}

